Name,Div,Roll_no,Mail_id
aagam,i,123,aagamsheth67@gmail.com
yash,j,223,yash34@gmail.com
salman,k,333,salman23@gmail.com
priya,l,444,priya45@gmail.com
ragini,a,765,ragini123@gmail.com
swara,b,342,swara342@gmail.com
